,AL627309.3,LINC01409,LINC01128,AL645608.2,SAMD11,NOC2L,KLHL17,AL645608.7,HES4,ISG15,AGRN,C1orf159,TNFRSF4,SDF4,C1QTNF12,UBE2J2,SCNN1D,ACAP3,INTS11,CPTP,DVL1,AURKAIP1,CCNL2,MRPL20.AS1,MRPL20,AL391244.2,ANKRD65,VWA1,ATAD3C,ATAD3B,ATAD3A,TMEM240,SSU72,AL691432.4,AL691432.2,MIB2,CDK11B,SLC35E2B,CDK11A,SLC35E2A,NADK,GNB1,CFAP74,GABRD,PRKCZ,FAAP20,SKI
AL627309.3,10.0,0.000233109,0.000469861,0.000233109,0.000233109,0.000954762,0.0,0.0,0.001203158,0.000954762,0.001203158,0.000469861,0.000233109,0.001455695,0.000469861,0.001973759,0.000233109,0.035018578,0.035018578,0.000710372,0.000469861,0.002239589,0.005520428,0.000233109,0.001973759,0.000469861,0.000469861,0.001203158,0.000469861,0.000954762,0.000233109,0.001203158,0.002239589,0.0,0.000233109,0.001203158,0.037555654,0.001712513,0.000710372,0.000469861,0.037555654,0.029260768,0.000233109,0.000469861,0.000469861,0.001712513,0.03094775
LINC01409,0.000233109,10.0,0.000469861,0.000233109,0.000233109,0.000954762,0.0,0.0,0.001203158,0.000954762,0.001203158,0.000469861,0.000233109,0.001455695,0.000469861,0.001973759,0.000233109,0.001712513,0.001712513,0.000710372,0.000469861,0.002239589,0.005520428,0.000233109,0.001973759,0.000469861,0.000469861,0.001203158,0.000469861,0.044434845,0.000233109,0.040606491,0.032846652,0.0,0.000233109,0.040606491,0.037555654,0.001712513,0.000710372,0.000469861,0.001455695,0.032846652,0.000233109,0.000469861,0.000469861,0.035018578,0.027743081
LINC01128,0.000469861,0.000469861,10.0,0.000469861,0.000469861,0.001924811,0.0,0.0,0.002425744,0.001924811,0.020572079,0.000947124,0.000469861,0.002935099,0.000947124,0.013582843,0.057511304,0.015493522,0.015493522,0.001432024,0.000947124,0.004516645,0.061192386,0.000469861,0.013582843,0.000947124,0.000947124,0.020572079,0.000947124,0.001924811,0.000469861,0.002425744,0.004516645,0.0,0.000469861,0.002425744,0.017773779,0.015493522,0.029056104,0.036743596,0.017773779,0.044455737,0.000469861,0.000947124,0.036743596,0.003453162,0.056770738
AL645608.2,0.000233109,0.000233109,0.000469861,10.0,0.000233109,0.000954762,0.0,0.0,0.001203158,0.000954762,0.001203158,0.000469861,0.000233109,0.001455695,0.000469861,0.001973759,0.000233109,0.035018578,0.001712513,0.049583301,0.000469861,0.002239589,0.049583301,0.000233109,0.001973759,0.000469861,0.000469861,0.001203158,0.000469861,0.000954762,0.000233109,0.001203158,0.002239589,0.0,0.000233109,0.040606491,0.001455695,0.035018578,0.000710372,0.000469861,0.001455695,0.032846652,0.000233109,0.000469861,0.000469861,0.001712513,0.03094775
SAMD11,0.000233109,0.000233109,0.000469861,0.000233109,10.0,0.000954762,0.0,0.0,0.001203158,0.044434845,0.040606491,0.000469861,0.000233109,0.037555654,0.000469861,0.001973759,0.000233109,0.001712513,0.035018578,0.000710372,0.000469861,0.002239589,0.032846652,0.000233109,0.001973759,0.000469861,0.000469861,0.001203158,0.000469861,0.000954762,0.000233109,0.001203158,0.002239589,0.0,0.000233109,0.040606491,0.001455695,0.035018578,0.000710372,0.000469861,0.001455695,0.032846652,0.000233109,0.000469861,0.000469861,0.035018578,0.027743081
NOC2L,0.000954762,0.000954762,0.001924811,0.000954762,0.000954762,10.0,0.0,0.0,0.004931783,0.012554201,0.004931783,0.024152039,0.000954762,0.005968213,0.024152039,0.004075906,0.000954762,0.005450178,0.007022684,0.002910644,0.001924811,0.065558314,0.088237375,0.000954762,0.028656317,0.001924811,0.09378504,0.009483595,0.024152039,0.003912786,0.000954762,0.009483595,0.00488781,0.0,0.000954762,0.009483595,0.007203361,0.005450178,0.016957333,0.024152039,0.007203361,0.032501057,0.000954762,0.001924811,0.001924811,0.007022684,0.031749725
KLHL17,0.0,0.0,0.0,0.0,0.0,0.0,10.0,0.0,0.0,0.0,0.0,0.0,0.0,0.0,0.0,0.0,0.0,0.0,0.0,0.0,0.0,0.0,0.0,0.0,0.0,0.0,0.0,0.0,0.0,0.0,0.0,0.0,0.0,0.0,0.0,0.0,0.0,0.0,0.0,0.0,0.0,0.0,0.0,0.0,0.0,0.0,0.0
AL645608.7,0.0,0.0,0.0,0.0,0.0,0.0,0.0,10.0,0.0,0.0,0.0,0.0,0.0,0.0,0.0,0.0,0.0,0.0,0.0,0.0,0.0,0.0,0.0,0.0,0.0,0.0,0.0,0.0,0.0,0.0,0.0,0.0,0.0,0.0,0.0,0.0,0.0,0.0,0.0,0.0,0.0,0.0,0.0,0.0,0.0,0.0,0.0
HES4,0.001203158,0.001203158,0.002425744,0.001203158,0.001203158,0.004931783,0.0,0.0,10.0,0.009483595,0.006674236,0.002425744,0.001203158,0.004659831,0.002425744,0.021234909,0.001203158,0.025146257,0.025146257,0.003668396,0.020572079,0.011585733,0.032090519,0.001203158,0.010207335,0.002425744,0.002425744,0.006674236,0.002425744,0.009483595,0.001203158,0.006674236,0.003170955,0.0,0.001203158,0.006216609,0.007523617,0.008853585,0.003668396,0.002425744,0.007523617,0.078634106,0.001203158,0.002425744,0.002425744,0.003177226,0.028019689
ISG15,0.000954762,0.000954762,0.001924811,0.000954762,0.044434845,0.012554201,0.0,0.0,0.009483595,10.0,0.044277925,0.001924811,0.000954762,0.007203361,0.001924811,0.004075906,0.000954762,0.03283824,0.005450178,0.002910644,0.024152039,0.002988908,0.037734762,0.000954762,0.004075906,0.001924811,0.001924811,0.004931783,0.001924811,0.003912786,0.000954762,0.044277925,0.009188337,0.0,0.000954762,0.009483595,0.005968213,0.005450178,0.002910644,0.001924811,0.005968213,0.065545931,0.000954762,0.024152039,0.001924811,0.005450178,0.029045306
AGRN,0.001203158,0.001203158,0.020572079,0.001203158,0.040606491,0.004931783,0.0,0.0,0.006674236,0.044277925,10.0,0.002425744,0.001203158,0.029950274,0.002425744,0.021234909,0.001203158,0.025146257,0.06351316,0.01362991,0.084808223,0.001272052,0.123621292,0.001203158,0.010207335,0.020572079,0.002425744,0.036058865,0.002425744,0.004931783,0.001203158,0.006674236,0.048840065,0.0,0.001203158,0.006674236,0.007523617,0.025146257,0.01362991,0.002425744,0.029950274,0.071572371,0.001203158,0.020572079,0.002425744,0.003177226,0.098392166
C1orf159,0.000469861,0.000469861,0.000947124,0.000469861,0.000469861,0.024152039,0.0,0.0,0.002425744,0.001924811,0.002425744,10.0,0.000469861,0.017773779,0.000947124,0.003980238,0.000469861,0.015493522,0.003453162,0.001432024,0.000947124,0.01194977,0.067632124,0.000469861,0.013582843,0.000947124,0.000947124,0.002425744,0.036743596,0.001924811,0.000469861,0.002425744,0.004516645,0.0,0.000469861,0.020572079,0.017773779,0.015493522,0.001432024,0.036743596,0.017773779,0.019272212,0.000469861,0.000947124,0.000947124,0.003453162,0.015230609
TNFRSF4,0.000233109,0.000233109,0.000469861,0.000233109,0.000233109,0.000954762,0.0,0.0,0.001203158,0.000954762,0.001203158,0.000469861,10.0,0.001455695,0.000469861,0.032846652,0.000233109,0.001712513,0.001712513,0.000710372,0.000469861,0.03094775,0.005520428,0.000233109,0.001973759,0.000469861,0.000469861,0.001203158,0.000469861,0.000954762,0.000233109,0.001203158,0.002239589,0.0,0.000233109,0.001203158,0.001455695,0.001712513,0.000710372,0.000469861,0.037555654,0.032846652,0.000233109,0.000469861,0.000469861,0.001712513,0.027743081
SDF4,0.001455695,0.001455695,0.002935099,0.001455695,0.037555654,0.005968213,0.0,0.0,0.004659831,0.007203361,0.029950274,0.017773779,0.001455695,10.0,0.017773779,0.045559756,0.001455695,0.001708895,0.019574072,0.011088429,0.002935099,0.000370216,0.039510552,0.001455695,0.00089072,0.017773779,0.002935099,0.007523617,0.002935099,0.007203361,0.001455695,0.007523617,0.058399308,0.0,0.001455695,0.004659831,0.002916003,0.019574072,0.011088429,0.002935099,0.024107512,0.049890045,0.001455695,0.002935099,0.017773779,0.001708895,0.000383237
C1QTNF12,0.000469861,0.000469861,0.000947124,0.000469861,0.000469861,0.024152039,0.0,0.0,0.002425744,0.001924811,0.002425744,0.000947124,0.000469861,0.017773779,10.0,0.003980238,0.000469861,0.003453162,0.003453162,0.001432024,0.000947124,0.01194977,0.017129513,0.000469861,0.003980238,0.000947124,0.036743596,0.002425744,0.000947124,0.001924811,0.000469861,0.020572079,0.013848673,0.0,0.000469861,0.002425744,0.017773779,0.003453162,0.001432024,0.000947124,0.002935099,0.059975408,0.000469861,0.000947124,0.000947124,0.003453162,0.015230609
UBE2J2,0.001973759,0.001973759,0.013582843,0.001973759,0.001973759,0.004075906,0.0,0.0,0.021234909,0.004075906,0.021234909,0.003980238,0.032846652,0.045559756,0.003980238,10.0,0.001973759,0.011960878,0.011960878,0.007424568,0.003980238,0.025837867,0.041251373,0.001973759,0.008891522,0.013582843,0.003980238,0.002078451,0.003980238,0.004075906,0.032846652,0.010207335,0.044473417,0.0,0.001973759,0.010207335,0.012356333,0.000250106,0.007424568,0.003980238,0.088804536,0.125296354,0.001973759,0.003980238,0.013582843,0.000250106,0.018194174
SCNN1D,0.000233109,0.000233109,0.057511304,0.000233109,0.000233109,0.000954762,0.0,0.0,0.001203158,0.000954762,0.001203158,0.000469861,0.000233109,0.001455695,0.000469861,0.001973759,10.0,0.001712513,0.001712513,0.000710372,0.000469861,0.002239589,0.032846652,0.000233109,0.032846652,0.000469861,0.000469861,0.001203158,0.000469861,0.000954762,0.000233109,0.001203158,0.002239589,0.0,0.000233109,0.001203158,0.037555654,0.035018578,0.049583301,0.057511304,0.001455695,0.032846652,0.000233109,0.000469861,0.057511304,0.001712513,0.027743081
ACAP3,0.035018578,0.001712513,0.015493522,0.035018578,0.001712513,0.005450178,0.0,0.0,0.025146257,0.03283824,0.025146257,0.015493522,0.001712513,0.001708895,0.003453162,0.011960878,0.001712513,10.0,0.044160143,0.009069418,0.015493522,2.09953796e-05,0.047998145,0.001712513,0.000250106,0.003453162,0.003453162,0.003177226,0.015493522,0.005450178,0.001712513,0.025146257,0.001919898,0.0,0.001712513,0.025146257,0.001708895,0.015316129,0.00522289,0.015493522,0.05252194,0.065669201,0.001712513,0.015493522,0.003453162,0.012613151,0.092503846
INTS11,0.035018578,0.001712513,0.015493522,0.001712513,0.035018578,0.007022684,0.0,0.0,0.025146257,0.005450178,0.06351316,0.003453162,0.001712513,0.019574072,0.003453162,0.011960878,0.001712513,0.044160143,10.0,0.00522289,0.015493522,0.009268449,0.035192519,0.001712513,0.000250106,0.003453162,0.003453162,0.025146257,0.003453162,0.005450178,0.001712513,0.008853585,0.013339276,0.0,0.001712513,0.003177226,0.001708895,0.015316129,0.00522289,0.003453162,0.019574072,0.028237216,0.001712513,0.003453162,0.003453162,0.044160143,0.043658063
CPTP,0.000710372,0.000710372,0.001432024,0.049583301,0.000710372,0.002910644,0.0,0.0,0.003668396,0.002910644,0.01362991,0.001432024,0.000710372,0.011088429,0.001432024,0.007424568,0.000710372,0.009069418,0.00522289,10.0,0.001432024,0.03639856,0.108406924,0.000710372,0.006020542,0.029056104,0.001432024,0.003668396,0.001432024,0.002910644,0.000710372,0.003668396,0.053630084,0.0,0.000710372,0.01362991,0.004438996,0.044651315,0.021613002,0.001432024,0.011088429,0.018926021,0.000710372,0.001432024,0.001432024,0.009069418,0.061902054
DVL1,0.000469861,0.000469861,0.000947124,0.000469861,0.000469861,0.001924811,0.0,0.0,0.020572079,0.024152039,0.084808223,0.000947124,0.000469861,0.002935099,0.000947124,0.003980238,0.000469861,0.015493522,0.015493522,0.001432024,10.0,0.004516645,0.042556833,0.000469861,0.003980238,0.000947124,0.000947124,0.020572079,0.000947124,0.001924811,0.000469861,0.020572079,0.004516645,0.0,0.000469861,0.002425744,0.002935099,0.003453162,0.001432024,0.000947124,0.002935099,0.067632124,0.000469861,0.036743596,0.000947124,0.003453162,0.037453264
AURKAIP1,0.002239589,0.002239589,0.004516645,0.002239589,0.002239589,0.065558314,0.0,0.0,0.011585733,0.002988908,0.001272052,0.01194977,0.03094775,0.000370216,0.01194977,0.025837867,0.002239589,2.09953796e-05,0.009268449,0.03639856,0.004516645,10.0,0.046384182,0.002239589,0.056213006,0.01194977,0.01194977,0.001272052,0.01194977,0.009188337,0.002239589,0.001272052,0.039535306,0.0,0.002239589,0.001272052,0.000370216,0.031958058,0.006062072,0.01194977,0.039763756,0.002804792,0.002239589,0.004516645,0.004516645,0.031958058,0.077613279
CCNL2,0.005520428,0.005520428,0.061192386,0.049583301,0.032846652,0.088237375,0.0,0.0,0.032090519,0.037734762,0.123621292,0.067632124,0.005520428,0.039510552,0.017129513,0.041251373,0.032846652,0.047998145,0.035192519,0.108406924,0.042556833,0.046384182,10.0,0.005520428,0.082845226,0.059293482,0.042556833,0.098956637,0.067632124,0.031749725,0.005520428,0.025732342,0.070636004,0.0,0.03094775,0.050625954,0.052229118,0.108513683,0.062737815,0.067632124,0.062003277,0.15506424,0.03094775,0.015230609,0.017129513,0.029773233,0.160583049
MRPL20.AS1,0.000233109,0.000233109,0.000469861,0.000233109,0.000233109,0.000954762,0.0,0.0,0.001203158,0.000954762,0.001203158,0.000469861,0.000233109,0.001455695,0.000469861,0.001973759,0.000233109,0.001712513,0.001712513,0.000710372,0.000469861,0.002239589,0.005520428,10.0,0.001973759,0.000469861,0.000469861,0.001203158,0.000469861,0.000954762,0.000233109,0.001203158,0.002239589,0.0,0.000233109,0.001203158,0.001455695,0.001712513,0.000710372,0.000469861,0.001455695,0.029260768,0.000233109,0.000469861,0.000469861,0.001712513,0.03094775
MRPL20,0.001973759,0.001973759,0.013582843,0.001973759,0.001973759,0.028656317,0.0,0.0,0.010207335,0.004075906,0.010207335,0.013582843,0.001973759,0.00089072,0.003980238,0.008891522,0.032846652,0.000250106,0.000250106,0.006020542,0.003980238,0.056213006,0.082845226,0.001973759,10.0,0.003980238,0.003980238,0.002078451,0.013582843,0.004075906,0.001973759,0.002078451,0.010561313,0.0,0.001973759,0.002078451,0.00089072,0.037473459,0.007424568,0.067632124,0.015938221,0.018238498,0.032846652,0.003980238,0.067632124,0.000250106,0.063204013
AL391244.2,0.000469861,0.000469861,0.000947124,0.000469861,0.000469861,0.001924811,0.0,0.0,0.002425744,0.001924811,0.020572079,0.000947124,0.000469861,0.017773779,0.000947124,0.013582843,0.000469861,0.003453162,0.003453162,0.029056104,0.000947124,0.01194977,0.059293482,0.000469861,0.003980238,10.0,0.000947124,0.002425744,0.000947124,0.001924811,0.000469861,0.002425744,0.090124846,0.0,0.000469861,0.002425744,0.002935099,0.015493522,0.029056104,0.000947124,0.017773779,0.015686328,0.000469861,0.000947124,0.000947124,0.015493522,0.015230609
ANKRD65,0.000469861,0.000469861,0.000947124,0.000469861,0.000469861,0.09378504,0.0,0.0,0.002425744,0.001924811,0.002425744,0.000947124,0.000469861,0.002935099,0.036743596,0.003980238,0.000469861,0.003453162,0.003453162,0.001432024,0.000947124,0.01194977,0.042556833,0.000469861,0.003980238,0.000947124,10.0,0.020572079,0.000947124,0.001924811,0.000469861,0.020572079,0.013848673,0.0,0.000469861,0.002425744,0.017773779,0.003453162,0.029056104,0.000947124,0.002935099,0.015686328,0.000469861,0.000947124,0.000947124,0.003453162,0.015230609
VWA1,0.001203158,0.001203158,0.020572079,0.001203158,0.001203158,0.009483595,0.0,0.0,0.006674236,0.004931783,0.036058865,0.002425744,0.001203158,0.007523617,0.002425744,0.002078451,0.001203158,0.003177226,0.025146257,0.003668396,0.020572079,0.001272052,0.098956637,0.001203158,0.002078451,0.002425744,0.020572079,10.0,0.020572079,0.004931783,0.001203158,0.006216609,0.003170955,0.0,0.001203158,0.006216609,0.007523617,0.008853585,0.01362991,0.002425744,0.004659831,0.071572371,0.001203158,0.002425744,0.002425744,0.008853585,0.017042885
ATAD3C,0.000469861,0.000469861,0.000947124,0.000469861,0.000469861,0.024152039,0.0,0.0,0.002425744,0.001924811,0.002425744,0.036743596,0.000469861,0.002935099,0.000947124,0.003980238,0.000469861,0.015493522,0.003453162,0.001432024,0.000947124,0.01194977,0.067632124,0.000469861,0.013582843,0.000947124,0.000947124,0.020572079,10.0,0.001924811,0.000469861,0.002425744,0.013848673,0.0,0.000469861,0.020572079,0.002935099,0.015493522,0.001432024,0.036743596,0.017773779,0.019272212,0.000469861,0.000947124,0.000947124,0.003453162,0.015230609
ATAD3B,0.000954762,0.044434845,0.001924811,0.000954762,0.000954762,0.003912786,0.0,0.0,0.009483595,0.003912786,0.004931783,0.001924811,0.000954762,0.007203361,0.001924811,0.004075906,0.000954762,0.005450178,0.005450178,0.002910644,0.001924811,0.009188337,0.031749725,0.000954762,0.004075906,0.001924811,0.001924811,0.004931783,0.001924811,10.0,0.000954762,0.044277925,0.072166212,0.0,0.044434845,0.044277925,0.037908088,0.005450178,0.002910644,0.001924811,0.005968213,0.040362407,0.000954762,0.001924811,0.001924811,0.005450178,0.005641693
ATAD3A,0.000233109,0.000233109,0.000469861,0.000233109,0.000233109,0.000954762,0.0,0.0,0.001203158,0.000954762,0.001203158,0.000469861,0.000233109,0.001455695,0.000469861,0.032846652,0.000233109,0.001712513,0.001712513,0.000710372,0.000469861,0.002239589,0.005520428,0.000233109,0.001973759,0.000469861,0.000469861,0.001203158,0.000469861,0.000954762,10.0,0.001203158,0.002239589,0.0,0.000233109,0.001203158,0.001455695,0.001712513,0.000710372,0.000469861,0.001455695,0.029260768,0.000233109,0.000469861,0.000469861,0.001712513,0.027743081
TMEM240,0.001203158,0.040606491,0.002425744,0.001203158,0.001203158,0.009483595,0.0,0.0,0.006674236,0.044277925,0.006674236,0.002425744,0.001203158,0.007523617,0.020572079,0.010207335,0.001203158,0.025146257,0.008853585,0.003668396,0.020572079,0.001272052,0.025732342,0.001203158,0.002078451,0.002425744,0.020572079,0.006216609,0.002425744,0.044277925,0.001203158,10.0,0.056816805,0.0,0.001203158,0.006674236,0.029950274,0.008853585,0.003668396,0.002425744,0.007523617,0.034345023,0.001203158,0.020572079,0.002425744,0.003177226,0.102463
SSU72,0.002239589,0.032846652,0.004516645,0.002239589,0.002239589,0.00488781,0.0,0.0,0.003170955,0.009188337,0.048840065,0.004516645,0.002239589,0.058399308,0.013848673,0.044473417,0.002239589,0.001919898,0.013339276,0.053630084,0.004516645,0.039535306,0.070636004,0.002239589,0.010561313,0.090124846,0.013848673,0.003170955,0.013848673,0.072166212,0.002239589,0.056816805,10.0,0.0,0.002239589,0.003170955,0.017030725,0.047589008,0.053630084,0.004516645,0.039523449,0.06218785,0.002239589,0.004516645,0.013848673,0.03856596,0.039768655
AL691432.4,0.0,0.0,0.0,0.0,0.0,0.0,0.0,0.0,0.0,0.0,0.0,0.0,0.0,0.0,0.0,0.0,0.0,0.0,0.0,0.0,0.0,0.0,0.0,0.0,0.0,0.0,0.0,0.0,0.0,0.0,0.0,0.0,0.0,10.0,0.0,0.0,0.0,0.0,0.0,0.0,0.0,0.0,0.0,0.0,0.0,0.0,0.0
AL691432.2,0.000233109,0.000233109,0.000469861,0.000233109,0.000233109,0.000954762,0.0,0.0,0.001203158,0.000954762,0.001203158,0.000469861,0.000233109,0.001455695,0.000469861,0.001973759,0.000233109,0.001712513,0.001712513,0.000710372,0.000469861,0.002239589,0.03094775,0.000233109,0.001973759,0.000469861,0.000469861,0.001203158,0.000469861,0.044434845,0.000233109,0.001203158,0.002239589,0.0,10.0,0.040606491,0.037555654,0.035018578,0.000710372,0.000469861,0.001455695,0.032846652,0.000233109,0.000469861,0.000469861,0.001712513,0.005520428
MIB2,0.001203158,0.040606491,0.002425744,0.040606491,0.040606491,0.009483595,0.0,0.0,0.006216609,0.009483595,0.006674236,0.020572079,0.001203158,0.004659831,0.002425744,0.010207335,0.001203158,0.025146257,0.003177226,0.01362991,0.002425744,0.001272052,0.050625954,0.001203158,0.002078451,0.002425744,0.002425744,0.006216609,0.020572079,0.044277925,0.001203158,0.006674236,0.003170955,0.0,0.040606491,10.0,0.029950274,0.119050704,0.003668396,0.020572079,0.004659831,0.113413125,0.001203158,0.002425744,0.002425744,0.025146257,0.044032384
CDK11B,0.037555654,0.037555654,0.017773779,0.001455695,0.001455695,0.007203361,0.0,0.0,0.007523617,0.005968213,0.007523617,0.017773779,0.001455695,0.002916003,0.017773779,0.012356333,0.037555654,0.001708895,0.001708895,0.004438996,0.002935099,0.000370216,0.052229118,0.001455695,0.00089072,0.002935099,0.017773779,0.007523617,0.002935099,0.037908088,0.001455695,0.029950274,0.017030725,0.0,0.037555654,0.029950274,10.0,0.019574072,0.011088429,0.017773779,0.002916003,0.102958955,0.001455695,0.002935099,0.017773779,0.001708895,0.02873073
SLC35E2B,0.001712513,0.001712513,0.015493522,0.035018578,0.035018578,0.005450178,0.0,0.0,0.008853585,0.005450178,0.025146257,0.015493522,0.001712513,0.019574072,0.003453162,0.000250106,0.035018578,0.015316129,0.015316129,0.044651315,0.003453162,0.031958058,0.108513683,0.001712513,0.037473459,0.015493522,0.003453162,0.008853585,0.015493522,0.005450178,0.001712513,0.008853585,0.047589008,0.0,0.035018578,0.119050704,0.019574072,10.0,0.044651315,0.072341122,0.019574072,0.092736013,0.001712513,0.003453162,0.015493522,0.015316129,0.080747485
CDK11A,0.000710372,0.000710372,0.029056104,0.000710372,0.000710372,0.016957333,0.0,0.0,0.003668396,0.002910644,0.01362991,0.001432024,0.000710372,0.011088429,0.001432024,0.007424568,0.049583301,0.00522289,0.00522289,0.021613002,0.001432024,0.006062072,0.062737815,0.000710372,0.007424568,0.029056104,0.029056104,0.01362991,0.001432024,0.002910644,0.000710372,0.003668396,0.053630084,0.0,0.000710372,0.003668396,0.011088429,0.044651315,10.0,0.029056104,0.011088429,0.018926021,0.000710372,0.001432024,0.029056104,0.00522289,0.013571367
SLC35E2A,0.000469861,0.000469861,0.036743596,0.000469861,0.000469861,0.024152039,0.0,0.0,0.002425744,0.001924811,0.002425744,0.036743596,0.000469861,0.002935099,0.000947124,0.003980238,0.057511304,0.015493522,0.003453162,0.001432024,0.000947124,0.01194977,0.067632124,0.000469861,0.067632124,0.000947124,0.000947124,0.002425744,0.036743596,0.001924811,0.000469861,0.002425744,0.004516645,0.0,0.000469861,0.020572079,0.017773779,0.072341122,0.029056104,10.0,0.017773779,0.019272212,0.000469861,0.000947124,0.036743596,0.003453162,0.037453264
NADK,0.037555654,0.001455695,0.017773779,0.001455695,0.001455695,0.007203361,0.0,0.0,0.007523617,0.005968213,0.029950274,0.017773779,0.037555654,0.024107512,0.002935099,0.088804536,0.001455695,0.05252194,0.019574072,0.011088429,0.002935099,0.039763756,0.062003277,0.001455695,0.015938221,0.017773779,0.002935099,0.004659831,0.017773779,0.005968213,0.001455695,0.007523617,0.039523449,0.0,0.001455695,0.004659831,0.002916003,0.019574072,0.011088429,0.017773779,10.0,0.040343445,0.001455695,0.002935099,0.017773779,0.010716689,0.065820158
GNB1,0.029260768,0.032846652,0.044455737,0.032846652,0.032846652,0.032501057,0.0,0.0,0.078634106,0.065545931,0.071572371,0.019272212,0.032846652,0.049890045,0.059975408,0.125296354,0.032846652,0.065669201,0.028237216,0.018926021,0.067632124,0.002804792,0.15506424,0.029260768,0.018238498,0.015686328,0.015686328,0.071572371,0.019272212,0.040362407,0.029260768,0.034345023,0.06218785,0.0,0.032846652,0.113413125,0.102958955,0.092736013,0.018926021,0.019272212,0.040343445,10.0,0.032846652,0.044455737,0.040869851,0.032773469,0.162427783
CFAP74,0.000233109,0.000233109,0.000469861,0.000233109,0.000233109,0.000954762,0.0,0.0,0.001203158,0.000954762,0.001203158,0.000469861,0.000233109,0.001455695,0.000469861,0.001973759,0.000233109,0.001712513,0.001712513,0.000710372,0.000469861,0.002239589,0.03094775,0.000233109,0.032846652,0.000469861,0.000469861,0.001203158,0.000469861,0.000954762,0.000233109,0.001203158,0.002239589,0.0,0.000233109,0.001203158,0.001455695,0.001712513,0.000710372,0.000469861,0.001455695,0.032846652,10.0,0.000469861,0.000469861,0.001712513,0.027743081
GABRD,0.000469861,0.000469861,0.000947124,0.000469861,0.000469861,0.001924811,0.0,0.0,0.002425744,0.024152039,0.020572079,0.000947124,0.000469861,0.002935099,0.000947124,0.003980238,0.000469861,0.015493522,0.003453162,0.001432024,0.036743596,0.004516645,0.015230609,0.000469861,0.003980238,0.000947124,0.000947124,0.002425744,0.000947124,0.001924811,0.000469861,0.020572079,0.004516645,0.0,0.000469861,0.002425744,0.002935099,0.003453162,0.001432024,0.000947124,0.002935099,0.044455737,0.000469861,10.0,0.000947124,0.003453162,0.012025939
PRKCZ,0.000469861,0.000469861,0.036743596,0.000469861,0.000469861,0.001924811,0.0,0.0,0.002425744,0.001924811,0.002425744,0.000947124,0.000469861,0.017773779,0.000947124,0.013582843,0.057511304,0.003453162,0.003453162,0.001432024,0.000947124,0.004516645,0.017129513,0.000469861,0.067632124,0.000947124,0.000947124,0.002425744,0.000947124,0.001924811,0.000469861,0.002425744,0.013848673,0.0,0.000469861,0.002425744,0.017773779,0.015493522,0.029056104,0.036743596,0.017773779,0.040869851,0.000469861,0.000947124,10.0,0.003453162,0.012025939
FAAP20,0.001712513,0.035018578,0.003453162,0.001712513,0.035018578,0.007022684,0.0,0.0,0.003177226,0.005450178,0.003177226,0.003453162,0.001712513,0.001708895,0.003453162,0.000250106,0.001712513,0.012613151,0.044160143,0.009069418,0.003453162,0.031958058,0.029773233,0.001712513,0.000250106,0.015493522,0.003453162,0.008853585,0.003453162,0.005450178,0.001712513,0.003177226,0.03856596,0.0,0.001712513,0.025146257,0.001708895,0.015316129,0.00522289,0.003453162,0.010716689,0.032773469,0.001712513,0.003453162,0.003453162,10.0,0.060920771
SKI,0.03094775,0.027743081,0.056770738,0.03094775,0.027743081,0.031749725,0.0,0.0,0.028019689,0.029045306,0.098392166,0.015230609,0.027743081,0.000383237,0.015230609,0.018194174,0.027743081,0.092503846,0.043658063,0.061902054,0.037453264,0.077613279,0.160583049,0.03094775,0.063204013,0.015230609,0.015230609,0.017042885,0.015230609,0.005641693,0.027743081,0.102463,0.039768655,0.0,0.005520428,0.044032384,0.02873073,0.080747485,0.013571367,0.037453264,0.065820158,0.162427783,0.027743081,0.012025939,0.012025939,0.060920771,10.0
