AL627309.3,LINC01409,LINC01128,AL645608.2,SAMD11,NOC2L,KLHL17,AL645608.7,HES4,ISG15,AGRN,C1orf159,TNFRSF4,SDF4,C1QTNF12,UBE2J2,SCNN1D,ACAP3,INTS11,CPTP,DVL1,AURKAIP1,CCNL2,MRPL20-AS1,MRPL20,AL391244.2,ANKRD65,VWA1,ATAD3C,ATAD3B,ATAD3A,TMEM240,SSU72,AL691432.4,AL691432.2,MIB2,CDK11B,SLC35E2B,CDK11A,SLC35E2A,NADK,GNB1,CFAP74,GABRD,PRKCZ,FAAP20,SKI
0.0,0.0,0.0,0.0,0.0,0.0,0.0,0.0,0.0,0.0,0.0,0.0,0.0,0.0,0.0,0.0,0.0,0.0,0.0,0.5202258,0.0,0.5202258,1.1142306,0.0,0.0,0.0,0.0,0.0,0.0,0.0,0.0,0.0,0.0,0.0,0.0,0.0,0.0,0.0,0.0,0.0,0.0,0.86069983,0.0,0.0,0.0,0.5202258,0.86069983
0.0,0.0,0.0,0.0,0.0,0.0,0.0,0.0,1.1958215,0.0,0.0,0.0,0.0,0.0,0.0,0.0,0.0,0.0,0.0,0.0,0.0,0.0,0.0,0.0,0.0,0.0,0.0,0.0,0.0,0.0,0.0,0.0,0.0,0.0,0.0,0.0,0.0,0.0,0.0,0.0,0.0,1.7250044,0.0,0.0,0.0,0.0,0.0
0.0,0.0,0.0,0.0,0.0,0.0,0.0,0.0,0.0,0.0,0.0,0.0,0.0,0.0,0.0,0.0,0.0,0.0,0.0,0.0,0.0,1.3920217,1.3920217,0.0,0.9208752,0.0,0.0,0.9208752,0.0,0.0,0.0,0.0,0.0,0.0,0.0,0.0,0.0,0.0,0.0,0.0,0.0,1.9524529,0.0,0.0,0.0,0.0,0.9208752
0.0,0.0,0.0,0.0,0.0,0.0,0.0,0.0,1.0273747,1.5233229,0.0,0.0,0.0,0.0,0.0,0.0,0.0,1.0273747,0.0,0.0,0.0,0.0,0.0,0.0,0.0,0.0,0.0,0.0,0.0,0.0,0.0,1.0273747,0.0,0.0,0.0,0.0,0.0,0.0,0.0,0.0,0.0,1.0273747,0.0,0.0,0.0,0.0,1.5233229
0.0,0.0,0.0,0.47691563,0.0,0.0,0.0,0.0,0.0,0.0,0.0,0.0,0.0,0.0,0.0,0.0,0.0,0.7984955,0.0,0.47691563,0.0,0.0,0.47691563,0.0,0.0,0.0,0.0,0.0,0.0,0.0,0.0,0.0,0.0,0.0,0.0,0.47691563,0.0,0.47691563,0.0,0.0,0.0,1.9616394,0.0,0.0,0.0,0.0,1.4000709
0.0,0.0,0.0,0.0,0.0,0.0,0.0,0.0,0.0,0.0,0.47223437,0.0,0.0,0.47223437,0.0,0.47223437,0.0,0.0,0.0,0.47223437,0.0,0.47223437,0.47223437,0.0,0.0,0.47223437,0.0,0.0,0.0,0.0,0.0,0.0,0.47223437,0.0,0.0,0.0,0.0,0.47223437,0.7917004,0.0,0.7917004,0.47223437,0.0,0.0,0.0,0.0,1.2279704
0.0,0.0,0.0,0.0,0.0,0.0,0.0,0.0,0.0,0.0,0.0,0.0,0.0,0.0,0.0,0.0,0.0,0.0,1.4528933,0.0,0.0,1.4528933,0.0,0.0,0.0,0.0,0.0,0.0,0.0,0.0,0.0,0.0,1.4528933,0.0,0.0,0.0,0.0,0.0,0.0,0.0,0.0,0.0,0.0,0.0,0.0,1.4528933,0.0
0.0,0.0,0.0,0.0,0.0,1.1356741,0.0,0.0,0.0,1.6537501,0.0,0.0,0.0,0.0,0.0,1.1356741,0.0,0.0,0.0,0.0,0.0,1.1356741,1.1356741,0.0,1.1356741,0.0,0.0,0.0,0.0,0.0,0.0,0.0,0.0,0.0,0.0,0.0,0.0,0.0,0.0,0.0,0.0,1.6537501,0.0,0.0,0.0,0.0,0.0
0.0,0.0,0.0,0.0,0.0,0.0,0.0,0.0,0.0,0.0,0.0,0.0,0.0,0.9642614,0.0,0.9642614,0.0,0.0,0.0,0.0,0.0,0.0,0.0,0.0,0.9642614,0.0,0.0,0.0,0.0,0.0,0.0,0.0,0.9642614,0.0,0.0,0.0,0.0,0.0,0.0,0.0,0.9642614,1.4459066,0.0,0.0,0.9642614,0.0,0.0
0.0,0.0,0.0,0.0,0.0,0.0,0.0,0.0,0.0,0.0,0.0,0.0,0.0,0.0,0.0,0.0,0.0,0.0,0.0,0.0,0.0,0.0,1.2685193,0.0,0.0,0.0,0.0,0.0,0.0,1.810118,0.0,0.0,0.0,0.0,1.2685193,1.810118,1.2685193,1.2685193,0.0,0.0,0.0,2.1594942,0.0,0.0,0.0,0.0,0.0
0.0,0.0,0.0,0.0,0.0,0.0,0.0,0.0,0.0,0.0,0.0,0.0,0.0,0.0,0.0,0.0,0.0,0.0,0.0,0.0,0.0,0.0,1.6520431,0.0,0.0,1.1342416,0.0,0.0,0.0,0.0,0.0,0.0,1.1342416,0.0,0.0,0.0,0.0,0.0,0.0,0.0,0.0,1.6520431,0.0,0.0,0.0,1.1342416,0.0
0.0,0.0,0.0,0.0,0.0,0.0,0.0,0.0,0.0,0.0,0.0,0.0,1.0964835,0.0,0.0,1.0964835,0.0,0.0,0.0,0.0,0.0,1.0964835,0.0,0.0,0.0,0.0,0.0,0.0,0.0,0.0,0.0,0.0,0.0,0.0,0.0,0.0,0.0,0.0,0.0,0.0,1.6068828,1.0964835,0.0,0.0,0.0,0.0,1.0964835
0.709751,0.0,0.0,0.0,0.0,0.0,0.0,0.0,0.0,0.0,0.0,0.0,0.0,0.0,0.0,0.0,0.0,0.709751,0.709751,0.0,0.0,0.0,0.0,0.0,0.0,0.0,0.0,0.0,0.0,0.0,0.0,0.0,0.0,0.0,0.0,0.0,0.709751,0.0,0.0,0.0,0.709751,1.6358733,0.0,0.0,0.0,0.0,2.2265546
0.0,0.0,0.0,0.0,1.0610101,0.0,0.0,0.0,0.0,1.0610101,1.0610101,0.0,0.0,1.0610101,0.0,0.0,0.0,0.0,1.0610101,0.0,0.0,0.0,1.0610101,0.0,0.0,0.0,0.0,0.0,0.0,0.0,0.0,0.0,0.0,0.0,0.0,1.0610101,0.0,1.0610101,0.0,0.0,0.0,2.1467674,0.0,0.0,0.0,1.5641425,1.0610101
0.0,0.0,0.0,0.0,0.0,0.0,0.0,0.0,0.0,0.8122519,0.8122519,0.0,0.0,0.0,0.0,0.0,0.0,0.8122519,0.0,0.0,0.8122519,0.0,1.254462,0.0,0.0,0.0,0.0,0.0,0.0,0.0,0.0,0.8122519,0.0,0.0,0.0,0.0,0.0,0.0,0.0,0.0,0.0,1.254462,0.0,0.8122519,0.0,0.0,0.8122519
0.0,0.0,0.0,0.0,0.0,0.0,0.0,0.0,1.7634413,0.0,0.0,0.0,0.0,0.0,0.0,0.95966613,0.0,0.0,0.0,0.0,0.0,0.0,0.95966613,0.0,0.0,0.0,0.0,0.0,0.0,0.0,0.0,0.0,0.0,0.0,0.0,0.0,0.0,0.0,0.0,0.0,0.0,1.440226,0.0,0.0,0.0,0.95966613,0.0
0.0,0.0,0.0,0.0,0.0,0.0,0.0,0.0,0.0,0.0,0.0,0.0,0.0,0.0,0.0,0.0,0.0,0.0,0.0,0.0,0.0,0.0,1.3431929,0.0,1.3431929,0.0,0.0,0.0,0.0,0.88195956,0.0,0.88195956,0.88195956,0.0,0.0,0.0,0.0,0.0,0.0,0.0,0.0,0.88195956,0.0,0.0,0.0,0.0,1.6576347
0.0,0.0,0.0,0.0,0.0,0.0,0.0,0.0,0.0,0.0,0.0,0.0,0.0,0.0,0.0,0.0,0.0,0.0,0.7768153,0.0,0.0,0.7768153,0.0,0.0,1.2086833,0.0,0.0,0.0,0.0,0.0,0.0,0.0,0.0,0.0,0.0,0.0,0.0,0.7768153,0.0,0.0,0.0,0.7768153,0.0,0.0,0.0,0.7768153,0.7768153
0.0,0.0,0.0,0.0,0.0,0.0,0.0,0.0,0.0,0.0,0.0,1.7064273,0.0,0.9175225,0.0,0.0,0.0,0.0,0.0,0.0,0.0,0.0,0.9175225,0.0,0.0,0.0,0.0,0.0,0.0,0.0,0.0,0.0,0.0,0.0,0.0,0.0,0.9175225,0.0,0.0,0.0,0.0,0.9175225,0.0,0.0,0.0,0.0,0.0
0.0,0.98807406,0.0,0.0,0.0,0.0,0.0,0.0,0.0,0.0,0.0,0.0,0.0,0.0,0.0,0.0,0.0,0.0,0.0,0.0,0.0,0.0,0.0,0.0,0.0,0.0,0.0,0.0,0.0,0.98807406,0.0,0.98807406,0.98807406,0.0,0.0,0.98807406,0.98807406,0.0,0.0,0.0,0.0,1.8014076,0.0,0.0,0.0,0.98807406,0.98807406
0.0,0.0,0.0,0.0,0.0,0.0,0.0,0.0,0.0,0.0,0.0,0.0,0.0,0.0,0.0,0.0,0.0,0.0,0.0,0.0,0.0,0.0,0.96961504,0.0,0.0,0.0,0.0,0.96961504,0.96961504,0.0,0.0,0.0,0.96961504,0.0,0.0,0.0,0.0,0.0,0.0,0.0,0.0,0.96961504,0.0,0.0,0.0,0.0,0.0
0.0,0.0,0.0,0.0,0.0,0.0,0.0,0.0,0.8344779,0.0,0.0,0.0,0.0,0.8344779,0.0,0.8344779,0.0,0.8344779,0.8344779,0.0,0.0,0.0,0.0,0.0,0.0,0.0,0.0,0.0,0.0,0.8344779,0.0,0.0,0.8344779,0.0,0.0,0.0,0.0,0.0,0.0,0.0,0.0,1.5914437,0.0,0.0,0.0,0.0,0.0
0.0,0.0,1.4352064,0.0,0.0,0.0,0.0,0.0,0.0,0.0,0.0,0.0,0.0,0.0,0.0,0.0,0.9556099,0.0,0.0,0.0,0.0,0.0,0.9556099,0.0,1.4352064,0.0,0.0,0.0,0.0,0.0,0.0,0.0,0.0,0.0,0.0,0.0,0.9556099,0.9556099,0.9556099,0.9556099,0.0,1.7579904,0.0,0.0,0.9556099,0.0,0.9556099
0.0,0.0,0.0,0.0,0.0,0.0,0.0,0.0,0.9993235,0.0,0.9993235,0.0,0.0,0.0,0.0,0.0,0.0,0.0,1.4890511,0.0,0.9993235,0.0,0.9993235,0.0,0.0,0.0,0.0,0.9993235,0.0,0.0,0.0,0.0,0.0,0.0,0.0,0.0,0.0,0.0,0.0,0.0,0.0,0.9993235,0.0,0.0,0.0,0.0,1.8163433
0.0,0.0,0.0,0.0,0.0,0.82709664,0.0,0.0,0.0,0.0,0.0,0.0,0.0,0.0,0.0,0.0,0.0,0.0,0.0,0.0,0.0,0.0,1.2735008,0.0,0.0,0.0,0.82709664,0.82709664,0.0,0.0,0.0,0.0,0.0,0.0,0.0,0.0,0.0,0.0,0.82709664,0.0,0.0,0.0,0.0,0.0,0.0,0.0,0.0
0.0,0.0,0.0,0.0,0.0,0.0,0.0,0.0,0.0,0.0,0.0,0.0,0.0,0.0,0.0,0.0,0.0,0.0,0.0,0.0,0.0,0.0,0.0,0.0,0.0,0.0,0.0,0.0,0.0,0.0,0.0,0.0,0.0,0.0,0.0,0.0,0.0,0.0,0.0,0.0,0.0,1.7007912,0.0,1.7007912,0.0,0.0,0.0
0.0,0.0,0.971686,0.0,0.0,0.0,0.0,0.0,0.0,0.0,0.4366183,0.0,0.0,0.0,0.0,0.4366183,0.0,0.4366183,0.4366183,0.0,0.0,0.0,0.4366183,0.0,0.0,0.0,0.0,0.4366183,0.0,0.0,0.0,0.0,0.0,0.0,0.0,0.0,0.0,0.0,0.0,0.0,0.4366183,1.3183705,0.0,0.0,0.0,0.0,0.971686
0.0,0.0,0.0,0.0,0.0,0.35163504,0.0,0.0,0.0,0.0,0.0,0.35163504,0.0,0.0,0.0,0.0,0.0,0.35163504,0.0,0.0,0.0,0.35163504,0.9878889,0.0,0.611275,0.0,0.0,0.0,1.3736467,0.0,0.0,0.0,0.0,0.0,0.0,0.35163504,0.0,0.35163504,0.0,0.611275,0.611275,0.8172079,0.0,0.0,0.0,0.0,1.2608271
0.0,0.0,0.0,0.0,0.0,0.0,0.0,0.0,0.0,0.0,0.0,0.0,0.0,0.8951067,0.8951067,0.0,0.0,0.0,0.0,0.0,0.0,0.0,0.0,0.0,0.0,0.0,0.0,0.0,0.0,0.0,0.0,0.0,0.0,0.0,0.0,0.0,0.0,0.0,0.0,0.0,0.0,1.3597435,0.0,0.0,0.0,0.0,0.0
0.0,0.0,0.0,0.0,0.0,0.0,0.0,0.0,0.0,0.0,0.0,0.0,0.0,0.0,0.0,0.0,0.0,0.0,0.0,0.0,0.0,0.0,0.0,1.4738175,0.0,0.0,0.0,0.0,0.0,0.0,0.0,0.0,0.0,0.0,0.0,0.0,0.0,0.0,0.0,0.0,0.0,1.4738175,0.0,0.0,0.0,0.0,2.0453339
0.0,0.0,0.0,0.0,0.0,0.0,0.0,0.0,0.0,0.0,0.0,0.0,0.0,0.0,0.0,1.1415893,0.0,0.0,0.0,0.0,0.0,0.0,0.0,0.0,0.0,0.0,0.0,0.0,0.0,0.0,1.1415893,0.0,0.0,0.0,0.0,0.0,0.0,0.0,0.0,0.0,0.0,1.660793,0.0,0.0,0.0,0.0,1.1415893
0.0,0.0,0.0,0.0,0.0,0.88046896,0.0,0.0,0.0,0.0,0.0,0.0,0.0,0.0,0.88046896,0.0,0.0,0.0,0.0,0.0,0.0,0.88046896,0.88046896,0.0,0.0,0.0,0.88046896,0.0,0.0,0.0,0.0,0.88046896,0.88046896,0.0,0.0,0.0,0.88046896,0.0,0.0,0.0,0.0,1.6555753,0.0,0.0,0.0,0.0,1.8943344
0.0,0.0,0.0,0.0,0.0,0.0,0.0,0.0,0.0,0.0,0.0,0.0,0.0,0.0,0.0,0.0,0.0,0.0,0.0,0.0,0.0,0.0,1.0964172,0.0,0.69150126,0.0,0.0,0.0,0.0,0.0,0.0,0.0,0.0,0.0,0.0,0.0,0.0,0.0,0.0,0.0,0.0,1.0964172,0.69150126,0.0,0.0,0.0,1.0964172
0.0,0.0,0.0,0.0,0.0,0.0,0.0,0.0,0.0,0.0,0.0,0.0,0.0,0.0,0.0,0.0,0.0,0.0,0.0,0.0,0.0,0.0,0.0,0.0,1.5787961,0.0,0.0,0.0,0.0,0.0,0.0,0.0,0.0,0.0,0.0,0.0,0.0,0.0,1.5787961,0.0,0.0,0.0,0.0,0.0,0.0,0.0,0.0
0.0,0.0,0.0,0.0,0.0,0.0,0.0,0.0,0.0,0.0,0.0,1.0642327,0.0,0.0,0.0,0.0,0.0,0.0,0.0,0.0,0.0,0.0,0.0,0.0,0.0,0.0,0.0,0.0,0.0,0.0,0.0,0.0,0.0,0.0,0.0,0.0,0.0,0.0,0.0,0.0,0.0,1.0642327,0.0,0.0,0.0,0.0,0.0
0.0,0.0,0.0,0.0,0.0,0.0,0.0,0.0,0.0,0.0,0.0,0.0,0.0,0.0,0.0,0.9901957,0.0,0.9901957,0.9901957,0.0,0.0,1.8042287,0.0,0.0,0.0,0.0,0.0,0.0,0.0,0.0,0.0,0.0,0.0,0.0,0.0,0.0,0.0,0.0,0.0,0.0,0.0,2.0498898,0.0,0.0,0.0,0.0,2.0498898
0.0,0.0,0.0,0.0,0.0,0.0,0.0,0.0,0.0,0.0,0.0,0.0,0.0,0.0,0.0,0.0,0.0,0.0,0.0,0.0,0.0,0.0,1.4365492,0.0,1.4365492,0.0,0.0,0.0,0.0,0.0,0.0,0.0,0.0,0.0,0.0,0.0,0.0,0.0,0.0,0.0,0.0,0.0,0.0,0.0,0.0,0.0,1.4365492
0.0,0.0,0.0,0.0,0.0,0.0,0.0,0.0,0.0,0.0,0.0,0.0,0.0,0.0,0.0,0.0,0.0,0.0,0.0,0.0,0.0,2.312181,0.0,0.0,0.0,0.0,0.0,0.0,0.0,0.0,0.0,0.0,1.9550512,0.0,0.0,0.0,0.0,0.0,0.0,0.0,0.0,0.0,0.0,0.0,0.0,0.0,1.3942974
0.0,0.0,0.0,0.0,0.0,0.0,0.0,0.0,0.0,0.0,0.0,0.0,0.0,1.3688512,0.0,0.0,0.0,0.0,0.0,0.0,0.0,0.0,1.3688512,0.0,0.0,0.0,0.0,0.0,0.0,0.0,0.0,0.0,1.3688512,0.0,0.0,0.0,0.0,0.0,0.0,0.0,0.0,1.3688512,0.0,0.0,0.0,0.0,0.0
0.0,0.0,1.1342416,0.0,0.0,0.0,0.0,0.0,0.0,0.0,0.0,0.0,0.0,0.0,0.0,1.1342416,1.1342416,0.0,0.0,0.0,0.0,1.1342416,0.0,0.0,0.0,0.0,0.0,0.0,0.0,0.0,0.0,0.0,0.0,0.0,0.0,1.1342416,0.0,0.0,0.0,0.0,0.0,0.0,0.0,1.1342416,0.0,0.0,0.0
0.0,0.0,0.0,0.0,0.0,0.0,0.0,0.0,0.0,0.0,0.0,0.0,0.0,0.0,0.0,0.7785959,0.0,0.7785959,0.7785959,0.0,0.0,0.0,0.7785959,0.0,0.0,0.0,0.0,0.0,0.0,0.0,0.0,0.0,0.0,0.0,0.0,0.0,0.0,0.0,0.0,0.0,0.0,0.7785959,0.0,0.0,0.0,0.7785959,0.7785959
0.0,0.0,0.0,0.0,0.0,0.0,0.0,0.0,0.0,0.0,0.0,0.0,0.0,0.0,0.0,0.0,0.0,0.0,0.0,0.0,0.0,1.5686396,1.0647304,0.0,0.0,0.0,0.0,1.0647304,0.0,0.0,0.0,0.0,1.0647304,0.0,0.0,0.0,0.0,0.0,0.0,0.0,1.0647304,1.0647304,0.0,0.0,0.0,1.0647304,0.0
0.0,0.0,0.0,0.0,0.0,0.0,0.0,0.0,0.62623215,0.0,0.0,0.62623215,0.0,0.0,0.0,0.0,0.0,0.0,0.0,0.0,0.0,0.0,0.62623215,0.0,0.0,0.0,0.0,0.0,0.0,0.0,0.62623215,0.0,1.0083588,0.0,0.0,0.0,0.0,0.0,0.0,0.0,0.0,1.0083588,0.0,0.0,0.62623215,0.0,1.6776098
0.0,0.0,0.0,0.0,0.0,0.0,0.0,0.0,0.0,0.0,0.0,0.0,0.0,0.0,0.0,0.0,0.0,0.0,0.0,0.0,0.0,0.0,0.0,0.0,1.5359298,0.0,0.0,0.0,0.0,0.0,0.0,0.0,0.0,0.0,0.0,0.0,0.0,0.0,0.0,0.0,1.5359298,2.479637,0.0,0.0,0.0,0.0,1.5359298
0.0,0.0,0.0,0.0,0.0,0.0,0.0,0.0,0.0,0.0,0.0,0.0,0.0,0.0,0.0,0.0,0.0,0.0,0.0,0.0,0.0,0.0,0.0,0.0,0.0,0.0,0.0,0.0,0.0,0.0,0.0,0.0,0.0,1.5365024,0.0,0.0,0.0,0.0,0.0,0.0,0.0,0.0,0.0,0.0,0.0,0.0,0.0
0.0,0.0,0.0,0.0,0.0,0.0,0.0,0.0,0.0,0.0,0.92563146,0.0,0.0,0.0,0.0,0.0,0.0,1.3979567,0.92563146,0.0,0.0,0.0,0.92563146,0.0,0.92563146,0.0,0.0,0.0,0.0,0.0,0.0,0.92563146,1.3979567,0.0,0.0,0.0,0.0,0.0,0.0,0.0,0.0,2.3165636,0.0,0.0,0.0,0.0,1.717464
0.0,0.0,0.0,0.0,0.0,0.0,0.0,0.0,1.4784187,0.7554965,0.7554965,0.0,0.0,0.0,0.0,0.0,0.0,0.0,0.0,0.0,0.0,0.0,1.1809098,0.0,0.7554965,0.0,0.0,0.0,0.0,0.0,0.0,0.0,0.0,0.0,0.0,0.0,0.0,0.0,0.0,0.0,0.0,1.4784187,0.0,0.0,0.7554965,0.0,0.7554965
0.0,0.0,0.0,0.0,0.0,0.0,0.0,0.0,0.0,0.0,0.0,0.0,0.0,0.0,0.0,0.0,0.0,0.0,0.0,0.0,0.0,0.0,0.0,0.0,0.0,0.0,0.0,0.0,0.0,0.0,0.0,0.0,0.0,0.0,0.0,0.812461,0.0,0.0,0.0,0.0,0.0,1.7940547,0.0,0.0,0.812461,0.0,0.812461
0.0,0.0,0.0,0.0,0.0,1.6279315,0.0,0.0,0.0,0.0,0.0,0.0,0.0,0.0,0.0,0.0,0.0,0.0,1.6279315,0.0,0.0,0.0,1.6279315,0.0,0.0,0.0,0.0,0.0,0.0,0.0,0.0,0.0,0.0,0.0,0.0,0.0,0.0,0.0,0.0,0.0,0.0,1.6279315,0.0,0.0,0.0,0.0,0.0
0.0,0.0,0.0,0.0,0.0,0.0,0.0,0.0,1.36667,0.0,0.0,0.0,0.0,0.0,0.0,0.0,0.0,0.0,0.0,0.0,0.0,0.0,0.0,0.0,0.0,0.0,0.0,0.0,0.0,0.0,0.0,0.0,1.9234506,0.0,0.0,0.0,0.0,0.0,0.0,0.0,0.0,2.9195857,0.0,0.0,1.36667,0.0,0.0
0.0,0.0,0.0,0.0,0.0,0.0,0.0,0.0,0.0,1.255807,0.0,0.0,0.0,0.0,0.0,0.0,0.0,0.0,0.0,0.0,0.0,1.255807,1.255807,0.0,1.255807,0.0,0.0,0.0,0.0,1.255807,0.0,0.0,2.143825,0.0,0.0,0.0,0.0,0.0,0.0,0.0,0.0,1.255807,0.0,1.255807,0.0,0.0,0.0
0.0,0.0,0.0,0.0,0.0,0.0,0.0,0.0,0.99954045,0.0,0.0,0.0,0.0,0.0,0.0,0.0,0.0,0.0,0.0,0.0,0.0,0.0,0.0,0.0,1.4893169,0.0,0.0,0.0,0.0,0.0,0.0,0.0,0.0,0.0,0.0,0.0,0.0,0.0,0.0,0.0,0.0,0.99954045,0.0,0.0,0.0,0.0,0.0
0.0,0.0,1.0379725,0.0,0.0,0.0,1.0379725,0.64801556,1.9990721,0.0,0.0,0.0,0.0,0.0,0.0,0.64801556,0.0,0.64801556,0.0,0.0,0.0,0.0,0.64801556,0.0,0.0,0.0,0.0,0.0,0.0,0.0,0.0,0.0,0.64801556,0.0,0.0,0.0,0.0,0.0,0.0,0.0,1.0379725,1.0379725,0.0,0.0,0.0,0.0,0.64801556
0.0,0.0,0.0,0.0,0.0,0.0,0.0,1.1088495,0.0,0.0,0.0,0.0,0.0,0.0,0.0,0.0,0.0,1.6217101,0.0,0.0,0.0,0.0,0.0,0.0,0.0,0.0,0.0,0.0,0.0,0.0,0.0,0.0,0.0,0.0,0.0,0.0,0.0,0.0,0.0,0.0,0.0,2.210851,0.0,0.0,0.0,0.0,0.0
0.0,0.0,0.0,0.0,0.0,0.0,0.0,0.0,0.0,0.0,0.715792,0.0,0.0,0.0,0.0,0.715792,0.0,0.0,0.0,0.0,0.0,0.0,0.715792,0.0,0.0,0.0,0.0,0.0,0.0,0.0,0.0,0.0,0.0,0.0,0.0,0.0,0.0,0.0,0.0,0.0,0.715792,1.1286929,0.0,0.0,0.0,0.0,1.1286929
0.0,0.0,0.0,0.0,0.0,0.0,0.0,0.0,0.0,1.3369496,0.0,0.0,0.0,0.0,0.0,0.0,1.3369496,0.0,0.0,0.0,0.0,0.0,0.0,0.0,1.3369496,0.0,0.0,2.2430723,1.3369496,0.0,0.0,0.0,0.0,0.0,0.0,0.0,0.0,0.0,0.0,0.0,1.3369496,1.3369496,0.0,0.0,0.0,1.3369496,0.0
0.0,0.0,0.0,0.0,0.0,0.0,0.0,0.0,1.1560085,0.0,0.0,0.0,0.0,1.1560085,0.0,0.0,0.0,1.1560085,0.0,0.0,0.0,0.0,1.1560085,0.0,1.1560085,0.0,0.0,0.0,0.0,0.0,0.0,0.0,0.0,0.0,0.0,0.0,0.0,0.0,0.0,0.0,0.0,1.6779284,0.0,0.0,0.0,0.0,1.1560085
0.0,0.0,0.0,0.0,0.0,0.0,0.0,0.0,0.0,0.0,0.0,0.0,0.0,0.0,0.0,0.0,0.0,0.0,0.0,0.0,0.0,0.0,1.412702,0.0,0.0,0.0,0.0,0.0,0.0,0.0,0.0,0.0,0.9374723,0.0,0.0,0.0,0.0,0.0,0.0,0.0,0.0,0.0,0.0,0.0,0.0,0.0,0.0
0.0,0.0,0.0,0.0,0.0,0.0,0.0,0.0,0.0,0.0,0.0,0.0,0.0,0.0,0.0,0.0,0.0,0.0,0.0,0.0,0.0,0.0,0.0,0.0,0.0,0.0,0.0,0.0,0.0,0.0,0.0,0.0,0.0,0.0,0.0,0.0,0.0,0.0,0.0,0.0,1.0019338,1.4922493,0.0,0.0,0.0,0.0,0.0
0.0,0.0,1.5607154,0.0,0.0,0.0,0.0,0.0,0.0,0.0,0.0,0.0,0.0,0.0,0.0,0.0,0.0,0.0,0.0,0.0,0.0,0.0,0.0,0.0,0.0,0.0,0.0,0.0,0.0,2.142939,0.0,0.0,0.0,0.0,0.0,0.0,0.0,0.0,0.0,0.0,0.0,0.0,0.0,0.0,0.0,0.0,0.0
0.0,0.0,0.0,0.0,0.0,0.0,0.0,0.0,0.0,1.7554125,0.0,0.0,0.0,0.0,0.0,0.0,0.0,0.0,0.0,0.0,0.0,0.0,1.7554125,0.0,0.0,0.0,0.0,1.2216899,0.0,0.0,0.0,0.0,0.0,0.0,0.0,0.0,0.0,0.0,0.0,0.0,0.0,1.7554125,0.0,0.0,0.0,0.0,0.0
0.0,0.0,0.0,0.0,0.0,0.0,0.0,0.0,2.3671086,0.0,0.0,0.0,0.0,0.0,0.0,0.0,0.0,0.0,0.0,1.2286537,0.0,1.7635748,0.0,0.0,1.2286537,0.0,0.0,0.0,0.0,0.0,0.0,0.0,1.2286537,0.0,0.0,0.0,0.0,0.0,0.0,0.0,0.0,0.0,0.0,0.0,0.0,0.0,0.0
0.0,0.0,0.0,0.0,0.0,0.0,0.0,0.0,0.0,0.0,0.0,0.0,0.0,0.0,0.0,0.0,0.0,0.0,0.0,0.0,0.0,0.8093363,0.8093363,0.0,0.0,0.0,0.0,0.0,0.0,0.0,0.0,0.0,0.0,0.0,0.0,0.0,0.8093363,0.0,0.8093363,0.0,0.8093363,2.6885672,0.0,0.0,0.0,0.0,1.2507132
0.0,0.0,0.0,0.0,0.0,0.0,0.0,0.0,0.0,0.0,0.0,0.0,0.0,0.0,0.0,0.0,0.0,0.0,0.0,0.0,0.0,0.0,0.9665768,0.0,0.0,0.0,0.0,0.0,0.0,0.0,0.0,0.0,0.0,0.0,0.0,0.0,0.0,0.0,0.0,0.0,0.0,2.2131689,0.0,0.0,0.0,0.0,0.0
0.0,0.0,0.0,0.0,0.0,0.0,0.0,0.0,0.0,0.0,0.0,0.0,0.0,0.0,0.0,0.0,0.0,0.0,0.0,0.0,0.0,0.0,1.6635613,0.0,0.0,0.0,0.0,0.0,0.0,0.0,0.0,0.0,0.0,0.0,0.0,0.0,0.0,0.0,0.0,0.0,0.0,1.1439161,0.0,0.0,0.0,0.0,0.0
0.0,0.0,0.0,0.0,0.0,0.978129,0.0,0.0,0.0,0.0,0.0,0.0,0.0,0.0,0.0,0.0,0.0,0.0,1.2496763,0.6041727,0.0,0.0,0.6041727,0.0,0.0,0.0,0.0,0.6041727,0.0,0.0,0.0,0.6041727,0.0,0.0,0.0,0.6041727,0.0,0.0,0.0,0.0,0.6041727,0.0,0.0,0.0,0.978129,0.0,1.2496763
